{"inputUnits":[34],"outputUnits":4,"inputs":{"0":{"dtype":"number","min":309.5506684418318,"max":339.7854673630533},"1":{"dtype":"number","min":237.81402558204263,"max":267.7823707194644},"2":{"dtype":"number","min":331.83405182241,"max":369.71104009606034},"3":{"dtype":"number","min":208.64164597329466,"max":242.2433682452844},"4":{"dtype":"number","min":276.57624419097306,"max":304.79490050082075},"5":{"dtype":"number","min":210.3578868821437,"max":236.94480450700695},"6":{"dtype":"number","min":372.85573046495017,"max":405.4081120472474},"7":{"dtype":"number","min":234.33557295149865,"max":267.67047214136977},"8":{"dtype":"number","min":233.63173369767603,"max":262.8075221911479},"9":{"dtype":"number","min":240.55742033724653,"max":263.14238670735045},"10":{"dtype":"number","min":395.10801293042846,"max":454.75710382721303},"11":{"dtype":"number","min":348.5395302382889,"max":431.7727815501885},"12":{"dtype":"number","min":173.25241148239908,"max":226.07589543561528},"13":{"dtype":"number","min":327.4635285255046,"max":431.5442001402146},"14":{"dtype":"number","min":454.6519096166707,"max":616.9681569852718},"15":{"dtype":"number","min":247.63116383830862,"max":580.4307585838704},"16":{"dtype":"number","min":-1.4133509773224708,"max":153.2192743798638},"17":{"dtype":"number","min":264.25778400109436,"max":597.1278327912208},"18":{"dtype":"number","min":414.37884972717046,"max":650.9653944913515},"19":{"dtype":"number","min":67.95224319636125,"max":574.4735682149806},"20":{"dtype":"number","min":-18.62232727763254,"max":235.0010900831408},"21":{"dtype":"number","min":54.980034141688975,"max":571.3553367050705},"22":{"dtype":"number","min":368.74052767623726,"max":473.69143712381447},"23":{"dtype":"number","min":540.0905778343111,"max":602.8542556465832},"24":{"dtype":"number","min":92.4082430234679,"max":267.4941031014409},"25":{"dtype":"number","min":509.9803832532831,"max":601.6777828231396},"26":{"dtype":"number","min":385.22733933266966,"max":531.9072512615516},"27":{"dtype":"number","min":546.9634511034776,"max":570.3657561424642},"28":{"dtype":"number","min":107.4271603595422,"max":240.10244495673865},"29":{"dtype":"number","min":513.1887458177856,"max":570.1616149189871},"30":{"dtype":"number","min":352.6284879098143,"max":516.2445960434494},"31":{"dtype":"number","min":551.0794138630076,"max":569.2164035901021},"32":{"dtype":"number","min":109.90725921749605,"max":240.450170494703},"33":{"dtype":"number","min":546.1541914290491,"max":566.3057777018862}},"outputs":{"0":{"dtype":"string","min":0,"max":1,"uniqueValues":["a","b","c","d"],"legend":{"a":[1,0,0,0],"b":[0,1,0,0],"c":[0,0,1,0],"d":[0,0,0,1]}}},"isNormalized":true}